LR_ID,U_ID,LOGIN_TIME,REMARKS
1,1,11:58:29,-
2,2,11:24:43,-
1,1,21:27:56.121837,-
1,1,21:28:05.152062500,-
1,2,21:28:18.246871300,-
1,2,21:29:04.070030200,-
1,3,21:29:29.180249500,-
1,4,21:30:24.222061100,-
1,1,21:30:34.805034200,-
